{"chopin": [0.04411764705882353, 0.04044117647058824, 0.04044117647058824, 0.04044117647058824, 0.04411764705882353, 0.04044117647058824, 0.04044117647058824, 0.04411764705882353, 0.04411764705882353, 0.04779411764705882, 0.04044117647058824, 0.04411764705882353, 0.03676470588235294, 0.04411764705882353, 0.04044117647058824, 0.04044117647058824, 0.04411764705882353, 0.04411764705882353, 0.04411764705882353, 0.04044117647058824, 0.04044117647058824, 0.03676470588235294, 0.03676470588235294, 0.04044117647058824], "mozart": [0.043137254901960784, 0.047058823529411764, 0.0392156862745098, 0.0392156862745098, 0.054901960784313725, 0.0392156862745098, 0.0392156862745098, 0.0392156862745098, 0.043137254901960784, 0.0392156862745098, 0.043137254901960784, 0.0392156862745098, 0.0392156862745098, 0.0392156862745098, 0.043137254901960784, 0.0392156862745098, 0.0392156862745098, 0.043137254901960784, 0.054901960784313725, 0.0392156862745098, 0.0392156862745098, 0.0392156862745098, 0.0392156862745098, 0.0392156862745098], "haydn": [0.03937007874015748, 0.03937007874015748, 0.03937007874015748, 0.03937007874015748, 0.03937007874015748, 0.03937007874015748, 0.03937007874015748, 0.03937007874015748, 0.051181102362204724, 0.03937007874015748, 0.047244094488188976, 0.04330708661417323, 0.03937007874015748, 0.03937007874015748, 0.04330708661417323, 0.03937007874015748, 0.03937007874015748, 0.03937007874015748, 0.047244094488188976, 0.04330708661417323, 0.03937007874015748, 0.03937007874015748, 0.05511811023622047, 0.03937007874015748], "beethoven": [0.038461538461538464, 0.038461538461538464, 0.038461538461538464, 0.038461538461538464, 0.05, 0.038461538461538464, 0.04230769230769231, 0.04230769230769231, 0.05, 0.05, 0.038461538461538464, 0.038461538461538464, 0.04230769230769231, 0.04230769230769231, 0.038461538461538464, 0.038461538461538464, 0.038461538461538464, 0.04230769230769231, 0.05, 0.038461538461538464, 0.046153846153846156, 0.038461538461538464, 0.04230769230769231, 0.038461538461538464]}